,,,,,,,,,,,,,,,,,,,,,,,,,,,,,,,,,,,,,,,,,,,,
,,,,,,,,,,,,,,,,,,,,,,,,,,,,,,,,,,,,,,,,,,,,
,,,,,,,,,,,,,,,,,,,,,,,,,,,,,,,,,,,,,,,,,,,,
z (m),Bx_1 à 1 A (T),By_1 à 1 A (T),Bz_1 à 1 A (T),z (m),Bx_1 à 1 A (T),By_1 à 1 A (T),Bz_1 à 1 A (T),z (m),Bx_2 à 1 A (T),By_2 à 1 A (T),Bz_2 à 1 A (T),z (m),Bx_2 à 1 A (T),By_2 à 1 A (T),Bz_2 à 1 A (T),z (m),Bx_3 à 1 A (T),By_3 à 1 A (T),Bz_3 à 1 A (T),z (m),Bx_3 à 1 A (T),By_3 à 1 A (T),Bz_3 à 1 A (T),z (m),Bx_4 à 1 A (T),By_4 à 1 A (T),Bz_4 à 1 A (T),z (m),Bx_4 à 1 A (T),By_4 à 1 A (T),Bz_4 à 1 A (T),z (m),Bx_5 à 1 A (T),By_5 à 1 A (T),Bz_5 à 1 A (T),z (m),Bx_5 à 1 A (T),By_5 à 1 A (T),Bz_5 à 1 A (T),,Bsum_terre sur axe (T),Bx_terre sur axe (T),By_terre sur axe (T),Bz_terre sur axe (T)
-0.7000,,,6.0754E-07,0,,,,-0.7,4.01E-09,4.29E-09,9.58E-07,0.00E+00,,,,-0.7,9.21E-10,9.65E-10,1.35E-07,0.00E+00,,,,-7.00E-01,4.28E-10,2.83E-10,5.74E-08,0.00E+00,8.72E-11,8.32E-11,5.71E-09,-7.00E-01,7.24E-09,4.58E-11,1.11E-08,0,-3.33E-11,-3.17E-11,7.24E-09,,8.67E-06,1.06E-07,1.03E-07,-8.67E-06
-0.7129,,,5.8571E-07,-0.025743,,,,-0.71287,1.45E-09,6.73E-10,9.84E-07,-2.57E-02,,,,-0.71287,3.50E-10,1.65E-10,1.42E-07,-2.57E-02,,,,-7.13E-01,5.11E-10,3.68E-10,5.96E-08,-1.29E-02,1.10E-10,1.04E-10,6.16E-09,-7.13E-01,7.02E-09,6.00E-11,1.15E-08,-0.025743,-4.08E-11,-3.71E-11,7.02E-09,,8.42E-06,1.02E-07,1.07E-07,-8.42E-06
-0.7257,,,5.6671E-07,-0.051485,,,,-0.725743,1.58E-09,2.21E-09,1.01E-06,-5.15E-02,,,,-0.725743,4.00E-10,5.56E-10,1.47E-07,-5.15E-02,,,,-7.26E-01,5.68E-10,5.23E-10,6.19E-08,-2.59E-02,1.09E-10,9.93E-11,6.30E-09,-7.26E-01,6.91E-09,8.56E-11,1.19E-08,-0.051485,-3.98E-11,-3.33E-11,6.91E-09,,8.22E-06,1.03E-07,1.03E-07,-8.22E-06
-0.7386,,,5.382E-07,-0.077228,,,,-0.738614,2.49E-09,2.64E-09,1.04E-06,-7.72E-02,,,,-0.738614,6.82E-10,7.21E-10,1.56E-07,-7.72E-02,,,,-7.39E-01,8.52E-10,2.11E-11,6.67E-08,-3.88E-02,1.08E-10,9.48E-11,6.44E-09,-7.39E-01,6.78E-09,3.50E-12,1.27E-08,-0.077228,-4.27E-11,-3.33E-11,6.78E-09,,7.55E-06,1.03E-07,4.69E-08,-7.55E-06
-0.7515,,,5.1942E-07,-0.10297,,,,-0.75149,1.93E-09,1.55E-09,1.06E-06,-1.03E-01,,,,-0.75149,5.61E-10,4.48E-10,1.63E-07,-1.03E-01,,,,-7.51E-01,5.49E-10,4.64E-10,6.93E-08,-5.17E-02,1.09E-10,9.20E-11,6.60E-09,-7.51E-01,6.64E-09,7.70E-11,1.31E-08,-1.03E-01,-4.54E-11,-3.42E-11,6.64E-09,,7.37E-06,9.02E-08,5.91E-08,-7.37E-06
-0.7644,,,4.989E-07,-0.12871,,,,-0.764356,2.40E-09,2.91E-09,1.09E-06,-1.29E-01,,,,-0.764356,7.43E-10,8.88E-10,1.71E-07,-1.29E-01,,,,-7.64E-01,1.68E-10,6.41E-10,7.22E-08,-6.47E-02,1.18E-10,9.57E-11,6.80E-09,-7.64E-01,6.47E-09,1.07E-10,1.36E-08,-1.29E-01,-4.71E-11,-4.00E-11,6.47E-09,,7.20E-06,7.77E-08,7.13E-08,-7.20E-06
-0.7772,,,4.8195E-07,-0.15446,,,,-0.777228,4.63E-09,4.47E-09,1.11E-06,-1.54E-01,,,,-0.777228,1.54E-09,1.48E-09,1.77E-07,-1.54E-01,,,,-7.77E-01,3.68E-10,6.66E-10,7.52E-08,-7.76E-02,1.27E-10,9.94E-11,7.00E-09,-7.77E-01,6.30E-09,1.12E-10,1.41E-08,-1.54E-01,-4.54E-11,-4.28E-11,6.30E-09,,6.99E-06,6.70E-08,7.37E-08,-6.99E-06
-0.7901,,,4.5865E-07,-0.1802,,,,-0.790099,4.30E-09,4.18E-09,1.14E-06,-1.80E-01,,,,-0.790099,1.57E-09,1.54E-09,1.88E-07,-1.80E-01,,,,-7.90E-01,7.99E-10,6.78E-10,7.87E-08,-9.05E-02,1.36E-10,1.03E-10,7.20E-09,-7.90E-01,6.15E-09,1.14E-10,1.47E-08,-0.1802,-3.43E-11,-3.76E-11,6.15E-09,,6.78E-06,5.69E-08,7.34E-08,-6.78E-06
-0.8030,,,4.3917E-07,-0.20594,,,,-0.80297,3.65E-09,3.73E-09,1.16E-06,-2.06E-01,,,,-0.80297,1.43E-09,1.48E-09,1.97E-07,-2.06E-01,,,,-8.03E-01,9.15E-10,8.41E-10,8.29E-08,-1.03E-01,1.48E-10,1.14E-10,7.44E-09,-8.03E-01,6.02E-09,1.43E-10,1.54E-08,-0.20594,-2.58E-11,-3.00E-11,6.02E-09,,6.57E-06,5.56E-08,7.51E-08,-6.57E-06
-0.8158,,,4.2315E-07,-0.23168,,,,-0.81584,2.78E-09,3.17E-09,1.18E-06,-2.32E-01,,,,-0.81584,1.16E-09,1.34E-09,2.05E-07,-2.32E-01,,,,-8.16E-01,1.58E-09,1.40E-09,8.66E-08,-1.16E-01,1.64E-10,1.36E-10,7.75E-09,-8.16E-01,5.93E-09,2.39E-10,1.60E-08,-0.23168,-2.21E-11,-1.79E-11,5.93E-09,,6.37E-06,6.25E-08,7.87E-08,-6.37E-06
-0.8287,,,4.061E-07,-0.25743,,,,-0.82871,5.06E-09,4.61E-09,1.20E-06,-2.57E-01,,,,-0.82871,2.48E-09,2.23E-09,2.14E-07,-2.57E-01,,,,-8.29E-01,2.25E-09,1.95E-09,9.03E-08,-1.29E-01,1.81E-10,1.58E-10,8.05E-09,-8.29E-01,5.86E-09,3.35E-10,1.66E-08,-0.25743,-1.66E-11,-1.14E-11,5.86E-09,,6.17E-06,7.02E-08,8.23E-08,-6.17E-06
-0.8416,,,3.8828E-07,-0.28317,,,,-0.84158,4.99E-09,4.38E-09,1.23E-06,-2.83E-01,,,,-0.84158,2.66E-09,2.31E-09,2.25E-07,-2.83E-01,,,,-8.42E-01,2.56E-09,2.48E-09,9.52E-08,-1.42E-01,1.97E-10,1.80E-10,8.35E-09,-8.42E-01,5.80E-09,4.28E-10,1.75E-08,-0.28317,-8.78E-12,-1.17E-11,5.80E-09,,5.96E-06,8.02E-08,8.57E-08,-5.96E-06
-0.8545,,,3.6974E-07,-0.30891,,,,-0.85446,2.65E-09,2.56E-09,1.25E-06,-3.09E-01,,,,-0.85446,1.75E-09,1.62E-09,2.37E-07,-3.09E-01,,,,-8.54E-01,2.68E-09,2.99E-09,1.01E-07,-1.55E-01,2.02E-10,1.97E-10,8.72E-09,-8.54E-01,5.77E-09,5.19E-10,1.85E-08,-0.30891,-2.25E-12,-5.71E-12,5.77E-09,,5.75E-06,9.02E-08,8.91E-08,-5.75E-06
-0.8673,,,3.5248E-07,-0.33465,,,,-0.86733,2.95E-09,2.76E-09,1.26E-06,-3.35E-01,,,,-0.86733,2.25E-09,2.00E-09,2.49E-07,-3.35E-01,,,,-8.67E-01,2.80E-09,3.50E-09,1.07E-07,-1.68E-01,2.00E-10,2.10E-10,9.13E-09,-8.67E-01,5.77E-09,6.10E-10,1.95E-08,-0.33465,3.16E-12,5.79E-12,5.77E-09,,5.62E-06,9.44E-08,9.98E-08,-5.62E-06
-0.8802,,,3.3649E-07,-0.3604,,,,-0.8802,2.90E-09,2.82E-09,1.28E-06,-3.60E-01,,,,-0.8802,2.53E-09,2.40E-09,2.61E-07,-3.60E-01,,,,-8.80E-01,2.93E-09,4.01E-09,1.12E-07,-1.81E-01,1.98E-10,2.24E-10,9.54E-09,-8.80E-01,5.82E-09,7.01E-10,2.05E-08,-0.3604,1.33E-11,1.39E-11,5.82E-09,,5.50E-06,9.86E-08,1.11E-07,-5.50E-06
-0.89307,,,3.2181E-07,-0.38614,,,,-0.89307,2.50E-09,2.71E-09,1.29E-06,-3.86E-01,,,,-0.89307,2.59E-09,2.79E-09,2.73E-07,-3.86E-01,,,,-8.93E-01,3.11E-09,3.65E-09,1.18E-07,-1.94E-01,1.96E-10,2.38E-10,9.95E-09,-8.93E-01,5.91E-09,6.39E-10,2.14E-08,-0.38614,2.63E-11,1.98E-11,5.91E-09,,5.37E-06,1.03E-07,1.21E-07,-5.37E-06
-0.90594,,,3.0835E-07,-0.41188,,,,-0.90594,1.67E-09,2.36E-09,1.30E-06,-4.12E-01,,,,-0.90594,2.00E-09,2.96E-09,2.86E-07,-4.12E-01,,,,-9.06E-01,3.30E-09,3.23E-09,1.23E-07,-2.07E-01,2.05E-10,2.21E-10,1.03E-08,-9.06E-01,6.03E-09,5.67E-10,2.24E-08,-0.41188,3.99E-11,3.16E-11,6.03E-09,,5.25E-06,1.07E-07,1.32E-07,-5.24E-06
-0.91881,,,2.9627E-07,-0.43762,,,,-0.91881,1.22E-09,2.03E-09,1.31E-06,-4.38E-01,,,,-0.91881,1.87E-09,3.15E-09,2.97E-07,-4.38E-01,,,,-9.19E-01,3.49E-09,2.81E-09,1.29E-07,-2.20E-01,2.17E-10,1.95E-10,1.07E-08,-9.19E-01,6.16E-09,4.95E-10,2.34E-08,-0.43762,5.37E-11,4.58E-11,6.16E-09,,5.12E-06,1.09E-07,1.33E-07,-5.11E-06
-0.93168,,,2.857E-07,-0.46337,,,,-0.93168,1.21E-09,1.71E-09,1.32E-06,-4.63E-01,,,,-0.93168,2.27E-09,3.37E-09,3.08E-07,-4.63E-01,,,,-9.32E-01,3.70E-09,2.53E-09,1.35E-07,-2.33E-01,2.29E-10,1.70E-10,1.11E-08,-9.32E-01,6.37E-09,4.48E-10,2.44E-08,-0.46337,7.02E-11,6.13E-11,6.37E-09,,4.98E-06,1.07E-07,1.22E-07,-4.98E-06
-0.94455,,,2.7281E-07,-0.48911,,,,-0.94455,9.90E-10,1.18E-09,1.32E-06,-4.89E-01,,,,-0.94455,3.15E-09,3.57E-09,3.23E-07,-4.89E-01,,,,-9.45E-01,3.97E-09,2.69E-09,1.41E-07,-2.46E-01,2.40E-10,1.44E-10,1.15E-08,-9.45E-01,6.59E-09,4.77E-10,2.56E-08,-0.48911,8.74E-11,7.72E-11,6.59E-09,,4.85E-06,1.06E-07,1.11E-07,-4.85E-06
-0.95743,,,2.5979E-07,-0.51485,,,,-0.95743,5.58E-10,6.14E-10,1.33E-06,-5.15E-01,,,,-0.95743,3.54E-09,3.64E-09,3.39E-07,-5.15E-01,,,,-9.57E-01,4.24E-09,2.84E-09,1.48E-07,-2.59E-01,2.41E-10,1.86E-10,1.19E-08,-9.57E-01,6.94E-09,5.06E-10,2.68E-08,-0.51485,1.20E-10,1.03E-10,6.94E-09,,4.72E-06,1.05E-07,1.00E-07,-4.72E-06
-0.9703,,,2.4671E-07,-0.54059,,,,-0.9703,-1.15E-10,2.80E-11,1.33E-06,-5.41E-01,,,,-0.9703,3.35E-09,3.57E-09,3.56E-07,-5.41E-01,,,,-9.70E-01,4.51E-09,2.99E-09,1.55E-07,-2.72E-01,2.41E-10,2.28E-10,1.24E-08,-9.70E-01,7.31E-09,5.35E-10,2.80E-08,-0.54059,1.55E-10,1.30E-10,7.31E-09,,4.58E-06,1.03E-07,8.96E-08,-4.58E-06
-0.98317,,,2.3679E-07,-0.56634,,,,-0.98317,-4.75E-10,-4.02E-10,1.33E-06,-5.66E-01,,,,-0.98317,3.12E-09,3.40E-09,3.71E-07,-5.66E-01,,,,-9.83E-01,4.36E-09,3.45E-09,1.63E-07,-2.85E-01,2.41E-10,2.71E-10,1.28E-08,-9.83E-01,7.78E-09,6.21E-10,2.95E-08,-0.56634,1.61E-10,1.14E-10,7.78E-09,,4.45E-06,1.02E-07,7.89E-08,-4.45E-06
-0.99604,,,2.2625E-07,-0.59208,,,,-0.99604,-9.30E-10,-9.27E-10,1.32E-06,-5.92E-01,,,,-0.99604,3.31E-09,3.59E-09,3.87E-07,-5.92E-01,,,,-9.96E-01,3.87E-09,4.17E-09,1.73E-07,-2.98E-01,2.44E-10,3.13E-10,1.33E-08,-9.96E-01,8.27E-09,7.54E-10,3.13E-08,-0.59208,1.65E-10,9.87E-11,8.27E-09,,4.32E-06,1.01E-07,6.81E-08,-4.32E-06
-1.00891,,,2.1476E-07,-0.61782,,,,-1.00891,-1.52E-09,-1.58E-09,1.32E-06,-6.18E-01,,,,-1.00891,4.02E-09,4.23E-09,4.06E-07,-6.18E-01,,,,-1.01E+00,3.37E-09,4.89E-09,1.83E-07,-3.10E-01,2.64E-10,3.55E-10,1.40E-08,-1.01E+00,8.92E-09,8.87E-10,3.30E-08,-0.61782,1.33E-10,1.13E-10,8.92E-09,,4.22E-06,9.58E-08,6.37E-08,-4.22E-06
-1.02178,,,2.0471E-07,-0.64356,,,,-1.02178,-1.76E-09,-1.69E-09,1.31E-06,-6.44E-01,,,,-1.02178,3.85E-09,3.73E-09,4.25E-07,-6.44E-01,,,,-1.02E+00,2.87E-09,5.60E-09,1.92E-07,-3.23E-01,2.84E-10,3.97E-10,1.46E-08,-1.02E+00,9.56E-09,1.02E-09,3.47E-08,-0.64356,1.03E-10,1.27E-10,9.56E-09,,4.15E-06,8.91E-08,6.21E-08,-4.15E-06
-1.03465,,,1.957E-07,-0.66931,,,,-1.03465,-2.23E-09,-1.95E-09,1.30E-06,-6.69E-01,,,,-1.03465,4.07E-09,3.56E-09,4.43E-07,-6.69E-01,,,,-1.03E+00,2.94E-09,6.14E-09,2.01E-07,-3.36E-01,3.03E-10,4.39E-10,1.52E-08,-1.03E+00,1.01E-08,1.13E-09,3.63E-08,-0.66931,8.44E-11,1.44E-10,1.01E-08,,4.07E-06,8.24E-08,6.06E-08,-4.07E-06
-1.04752,,,1.8794E-07,-0.69505,,,,-1.04752,-3.06E-09,-2.45E-09,1.29E-06,-6.95E-01,,,,-1.04752,4.89E-09,3.91E-09,4.60E-07,-6.95E-01,,,,-1.05E+00,3.11E-09,6.65E-09,2.09E-07,-3.49E-01,3.32E-10,4.52E-10,1.60E-08,-1.05E+00,1.10E-08,1.23E-09,3.78E-08,-0.69505,6.23E-11,5.09E-11,1.10E-08,,3.99E-06,7.57E-08,5.90E-08,-3.99E-06
-1.0604,,,1.7936E-07,-0.72079,,,,-1.0604,-3.40E-09,-2.67E-09,1.28E-06,-7.21E-01,,,,-1.0604,4.88E-09,3.85E-09,4.80E-07,-7.21E-01,,,,-1.06E+00,3.29E-09,7.16E-09,2.17E-07,-3.62E-01,3.75E-10,4.19E-10,1.69E-08,-1.06E+00,1.17E-08,1.33E-09,3.94E-08,-0.72079,9.03E-11,8.02E-11,1.17E-08,,3.91E-06,6.90E-08,5.75E-08,-3.91E-06
-1.07327,,,1.7103E-07,-0.74653,,,,-1.07327,-3.68E-09,-2.98E-09,1.26E-06,-7.47E-01,,,,-1.07327,4.82E-09,3.92E-09,5.01E-07,-7.47E-01,,,,-1.07E+00,3.62E-09,7.54E-09,2.26E-07,-3.75E-01,4.19E-10,3.85E-10,1.79E-08,-1.07E+00,1.29E-08,1.40E-09,4.10E-08,-0.74653,1.11E-10,4.87E-11,1.29E-08,,3.84E-06,6.23E-08,5.59E-08,-3.84E-06
-1.08614,,,1.6318E-07,-0.77228,,,,-1.08614,-3.91E-09,-3.43E-09,1.25E-06,-7.72E-01,,,,-1.08614,4.82E-09,4.20E-09,5.22E-07,-7.72E-01,,,,-1.09E+00,4.94E-09,7.13E-09,2.37E-07,-3.88E-01,4.62E-10,3.52E-10,1.88E-08,-1.09E+00,1.39E-08,1.33E-09,4.31E-08,-0.77228,2.09E-11,1.14E-10,1.39E-08,,3.76E-06,5.56E-08,5.44E-08,-3.76E-06
-1.09901,,,1.5548E-07,-0.79802,,,,-1.09901,-4.27E-09,-3.70E-09,1.23E-06,-7.98E-01,,,,-1.09901,4.95E-09,4.28E-09,5.44E-07,-7.98E-01,,,,-1.10E+00,6.25E-09,6.72E-09,2.48E-07,-4.01E-01,5.00E-10,3.65E-10,1.97E-08,-1.10E+00,1.51E-08,1.26E-09,4.52E-08,-0.79802,1.40E-10,1.26E-10,1.51E-08,,3.71E-06,4.70E-08,4.33E-08,-3.71E-06
-1.11188,,,0.000000148,-0.82376,,,,-1.11188,-4.66E-09,-3.92E-09,1.21E-06,-8.24E-01,,,,-1.11188,5.15E-09,4.32E-09,5.68E-07,-8.24E-01,,,,-1.11E+00,7.57E-09,6.31E-09,2.60E-07,-4.14E-01,5.35E-10,4.12E-10,2.05E-08,-1.11E+00,1.64E-08,1.19E-09,4.73E-08,-0.82376,3.41E-10,2.98E-10,1.64E-08,,3.66E-06,3.82E-08,3.12E-08,-3.66E-06
-1.12475,,,1.4083E-07,-0.8495,,,,-1.12475,-5.09E-09,-4.08E-09,1.18E-06,-8.50E-01,,,,-1.12475,5.43E-09,4.34E-09,5.92E-07,-8.50E-01,,,,-1.12E+00,8.20E-09,6.16E-09,2.72E-07,-4.27E-01,5.69E-10,4.60E-10,2.13E-08,-1.12E+00,1.81E-08,1.17E-09,4.97E-08,-0.8495,4.55E-10,4.84E-10,1.81E-08,,3.60E-06,2.94E-08,1.91E-08,-3.60E-06
-1.13762,,,1.3456E-07,-0.87525,,,,-1.13762,-5.26E-09,-5.51E-09,1.16E-06,-8.75E-01,,,,-1.13762,5.48E-09,5.72E-09,6.15E-07,-8.75E-01,,,,-1.14E+00,7.96E-09,6.32E-09,2.88E-07,-4.40E-01,6.03E-10,5.08E-10,2.22E-08,-1.14E+00,2.01E-08,1.22E-09,5.27E-08,-0.87525,5.02E-10,6.66E-10,2.01E-08,,3.55E-06,2.06E-08,6.98E-09,-3.55E-06
-1.1505,,,1.2862E-07,-0.90099,,,,-1.1505,-5.37E-09,-5.83E-09,1.14E-06,-9.01E-01,,,,-1.1505,5.48E-09,5.97E-09,6.38E-07,-9.01E-01,,,,-1.15E+00,7.72E-09,6.49E-09,3.03E-07,-4.53E-01,6.47E-10,5.54E-10,2.32E-08,-1.15E+00,2.20E-08,1.26E-09,5.56E-08,-0.90099,5.68E-10,5.95E-10,2.20E-08,,3.51E-06,1.52E-08,3.24E-09,-3.51E-06
-1.16337,,,1.2301E-07,-0.92673,,,,-1.16337,-5.41E-09,-4.13E-09,1.12E-06,-9.27E-01,,,,-1.16337,5.45E-09,4.14E-09,6.61E-07,-9.27E-01,,,,-1.16E+00,7.47E-09,6.66E-09,3.18E-07,-4.66E-01,6.93E-10,6.00E-10,2.43E-08,-1.16E+00,2.39E-08,1.30E-09,5.86E-08,-0.92673,6.38E-10,4.51E-10,2.39E-08,,3.47E-06,1.52E-08,1.29E-08,-3.47E-06
-1.17624,,,1.1707E-07,-0.95248,,,,-1.17624,-5.92E-09,-5.31E-09,1.09E-06,-9.52E-01,,,,-1.17624,5.90E-09,5.27E-09,6.88E-07,-9.52E-01,,,,-1.18E+00,6.04E-09,5.66E-09,3.32E-07,-4.79E-01,7.39E-10,6.46E-10,2.53E-08,-1.18E+00,2.63E-08,1.11E-09,6.13E-08,-0.95248,7.39E-10,4.95E-10,2.63E-08,,3.43E-06,1.45E-08,2.09E-08,-3.43E-06
-1.18911,,,1.1105E-07,-0.97822,,,,-1.18911,-6.42E-09,-6.92E-09,1.06E-06,-9.78E-01,,,,-1.18911,6.35E-09,6.85E-09,7.17E-07,-9.78E-01,,,,-1.19E+00,4.19E-09,4.26E-09,3.46E-07,-4.92E-01,7.86E-10,6.91E-10,2.64E-08,-1.19E+00,2.89E-08,8.47E-10,6.41E-08,-0.97822,8.19E-10,5.69E-10,2.89E-08,,3.39E-06,7.71E-09,1.64E-08,-3.39E-06
-1.20198,,,1.0494E-07,-1.004,,,,-1.20198,-6.78E-09,-8.61E-09,1.03E-06,-1.00E+00,,,,-1.20198,6.69E-09,8.48E-09,7.49E-07,-1.00E+00,,,,-1.20E+00,2.72E-09,3.44E-09,3.60E-07,-5.04E-01,8.87E-10,7.65E-10,2.79E-08,-1.20E+00,3.23E-08,6.94E-10,6.69E-08,-1.004,6.46E-10,8.36E-10,3.23E-08,,3.36E-06,9.44E-10,1.19E-08,-3.36E-06
-1.21485,,,1.0027E-07,-1.0297,,,,-1.21485,-5.08E-09,-6.74E-09,1.00E-06,-1.03E+00,,,,-1.21485,5.01E-09,6.65E-09,7.75E-07,-1.03E+00,,,,-1.21E+00,2.28E-09,4.15E-09,3.75E-07,-5.17E-01,9.91E-10,8.39E-10,2.94E-08,-1.21E+00,3.57E-08,8.40E-10,6.99E-08,-1.0297,5.28E-10,1.09E-09,3.57E-08,,3.33E-06,2.10E-09,9.17E-09,-3.33E-06
-1.22772,,,9.6125E-08,-1.0554,,,,-1.22772,-2.92E-09,-4.39E-09,9.78E-07,-1.06E+00,,,,-1.22772,2.88E-09,4.34E-09,7.98E-07,-1.06E+00,,,,-1.23E+00,2.60E-09,3.78E-09,3.90E-07,-5.30E-01,1.09E-09,9.13E-10,3.09E-08,-1.23E+00,3.88E-08,7.73E-10,7.29E-08,-1.0554,5.95E-10,1.29E-09,3.88E-08,,3.31E-06,4.53E-09,6.78E-09,-3.31E-06
-1.24059,,,9.1889E-08,-1.0812,,,,-1.24059,-1.52E-09,-2.17E-09,9.52E-07,-1.08E+00,,,,-1.24059,1.51E-09,2.15E-09,8.25E-07,-1.08E+00,,,,-1.24E+00,3.02E-09,3.65E-09,4.06E-07,-5.43E-01,1.18E-09,9.62E-10,3.24E-08,-1.24E+00,4.23E-08,7.55E-10,7.62E-08,-1.0812,8.28E-10,1.36E-09,4.23E-08,,3.29E-06,5.91E-09,4.28E-09,-3.29E-06
-1.25347,,,8.815E-08,-1.1069,,,,-1.25347,-2.25E-09,-1.87E-09,9.27E-07,-1.11E+00,,,,-1.25347,2.24E-09,1.86E-09,8.49E-07,-1.11E+00,,,,-1.25E+00,3.82E-09,2.85E-09,4.20E-07,-5.56E-01,1.17E-09,8.80E-10,3.41E-08,-1.25E+00,4.65E-08,5.95E-10,7.92E-08,-1.1069,1.33E-09,1.22E-09,4.65E-08,,3.28E-06,6.56E-09,1.71E-09,-3.28E-06
-1.26634,,,8.301E-08,-1.1327,,,,-1.26634,-2.60E-09,-2.49E-09,8.92E-07,-1.13E+00,,,,-1.26634,2.60E-09,2.48E-09,8.84E-07,-1.13E+00,,,,-1.27E+00,8.45E-10,4.85E-09,4.46E-07,-5.69E-01,1.16E-09,7.97E-10,3.58E-08,-1.27E+00,5.15E-08,1.03E-09,8.46E-08,-1.1327,1.54E-09,1.20E-09,5.15E-08,,3.25E-06,3.43E-10,5.47E-09,-3.25E-06
-1.27921,,,7.9755E-08,-1.1584,,,,-1.27921,-1.95E-09,-2.46E-09,8.68E-07,-1.16E+00,,,,-1.27921,1.96E-09,2.47E-09,9.08E-07,-1.16E+00,,,,-1.28E+00,3.07E-09,2.59E-09,4.62E-07,-5.82E-01,1.15E-09,7.14E-10,3.75E-08,-1.28E+00,5.74E-08,5.56E-10,8.79E-08,-1.1584,1.47E-09,1.28E-09,5.74E-08,,3.25E-06,1.36E-09,3.51E-09,-3.25E-06
-1.29208,,,7.6554E-08,-1.1842,,,,-1.29208,-1.74E-09,-1.63E-09,8.44E-07,-1.18E+00,,,,-1.29208,1.76E-09,1.65E-09,9.32E-07,-1.18E+00,,,,-1.29E+00,4.13E-09,2.40E-10,4.80E-07,-5.95E-01,1.10E-09,6.75E-10,3.94E-08,-1.29E+00,6.30E-08,5.27E-11,9.18E-08,-1.1842,9.68E-10,9.50E-10,6.30E-08,,3.24E-06,2.28E-09,1.62E-09,-3.24E-06
-1.30495,,,7.3445E-08,-1.2099,,,,-1.30495,-5.64E-09,-5.36E-09,8.20E-07,-1.21E+00,,,,-1.30495,5.70E-09,5.42E-09,9.57E-07,-1.21E+00,,,,-1.30E+00,4.62E-09,4.38E-09,5.01E-07,-6.08E-01,9.78E-10,7.13E-10,4.16E-08,-1.30E+00,6.87E-08,9.63E-10,9.65E-08,-1.2099,4.91E-10,7.89E-10,6.87E-08,,3.24E-06,1.54E-09,8.91E-10,-3.24E-06
-1.31782,,,6.9687E-08,-1.2356,,,,-1.31782,-5.56E-09,-5.51E-09,7.90E-07,-1.24E+00,,,,-1.31782,5.64E-09,5.59E-09,9.87E-07,-1.24E+00,,,,-1.32E+00,5.74E-09,5.89E-09,5.28E-07,-6.21E-01,8.58E-10,7.50E-10,4.38E-08,-1.32E+00,7.49E-08,1.32E-09,1.03E-07,-1.2356,5.87E-10,7.57E-10,7.49E-08,,3.23E-06,8.00E-10,1.61E-10,-3.23E-06
-1.33069,,,6.6374E-08,-1.2614,,,,-1.33069,-5.46E-09,-6.36E-09,7.62E-07,-1.26E+00,,,,-1.33069,5.54E-09,6.45E-09,1.02E-06,-1.26E+00,,,,-1.33E+00,7.35E-09,5.87E-09,5.55E-07,-6.34E-01,7.39E-10,7.88E-10,4.59E-08,-1.33E+00,8.07E-08,1.33E-09,1.09E-07,-1.2614,9.38E-10,4.26E-10,8.07E-08,,3.24E-06,-2.12E-10,-7.56E-10,-3.24E-06
-1.34356,,,6.3062E-08,-1.2871,,,,-1.34356,-5.71E-09,-7.14E-09,7.33E-07,-1.29E+00,,,,-1.34356,5.79E-09,7.24E-09,1.04E-06,-1.29E+00,,,,-1.34E+00,9.09E-09,5.48E-09,5.81E-07,-6.47E-01,6.49E-10,8.31E-10,4.79E-08,-1.34E+00,9.02E-08,1.26E-09,1.15E-07,-1.2871,8.09E-10,1.93E-10,9.02E-08,,3.24E-06,-1.30E-09,-1.73E-09,-3.24E-06
-1.35644,,,5.9393E-08,-1.3129,,,,-1.35644,-7.01E-09,-7.15E-09,7.00E-07,-1.31E+00,,,,-1.35644,7.07E-09,7.20E-09,1.08E-06,-1.31E+00,,,,-1.36E+00,9.47E-09,5.58E-09,6.03E-07,-6.60E-01,5.83E-10,8.78E-10,4.97E-08,-1.36E+00,1.00E-07,1.32E-09,1.20E-07,-1.3129,1.19E-09,1.20E-09,1.00E-07,,3.25E-06,-2.98E-09,-2.38E-09,-3.25E-06
-1.36931,,,5.6696E-08,-1.3386,,,,-1.36931,-5.55E-09,-5.24E-09,6.75E-07,-1.34E+00,,,,-1.36931,5.57E-09,5.25E-09,1.10E-06,-1.34E+00,,,,-1.37E+00,8.47E-09,6.18E-09,6.21E-07,-6.73E-01,5.16E-10,9.16E-10,5.15E-08,-1.37E+00,1.12E-07,1.50E-09,1.24E-07,-1.3386,1.98E-09,1.29E-09,1.12E-07,,3.25E-06,-5.26E-09,-2.70E-09,-3.25E-06
-1.38218,,,5.4281E-08,-1.3644,,,,-1.38218,-3.71E-09,-3.53E-09,6.52E-07,-1.36E+00,,,,-1.38218,3.67E-09,3.48E-09,1.13E-06,-1.36E+00,,,,-1.38E+00,7.40E-09,6.46E-09,6.42E-07,-6.86E-01,3.71E-10,4.68E-10,5.48E-08,-1.38E+00,1.23E-07,1.60E-09,1.29E-07,-1.3644,2.14E-09,1.43E-09,1.23E-07,,3.27E-06,-7.26E-09,-3.32E-09,-3.27E-06
-1.39505,,,5.166E-08,-1.3901,,,,-1.39505,-3.91E-09,-4.87E-09,6.26E-07,-1.39E+00,,,,-1.39505,3.81E-09,4.74E-09,1.15E-06,-1.39E+00,,,,-1.40E+00,5.70E-09,5.64E-09,6.70E-07,-6.99E-01,4.16E-10,2.93E-10,5.72E-08,-1.40E+00,1.34E-07,1.43E-09,1.36E-07,-1.3901,1.65E-09,1.49E-09,1.34E-07,,3.28E-06,-8.33E-09,-4.96E-09,-3.28E-06
-1.40792,,,4.927E-08,-1.4158,,,,-1.40792,-2.04E-09,-1.82E-09,6.03E-07,-1.42E+00,,,,-1.40792,1.96E-09,1.76E-09,1.17E-06,-1.42E+00,,,,-1.41E+00,3.12E-10,5.58E-09,7.00E-07,-7.11E-01,5.04E-10,3.46E-10,5.94E-08,-1.41E+00,1.48E-07,1.47E-09,1.44E-07,-1.4158,4.77E-10,1.29E-09,1.48E-07,,3.30E-06,-9.39E-09,-6.61E-09,-3.30E-06
-1.42079,,,4.7211E-08,-1.4416,,,,-1.42079,-1.68E-09,-2.06E-09,5.82E-07,-1.44E+00,,,,-1.42079,1.56E-09,1.91E-09,1.19E-06,-1.44E+00,,,,-1.42E+00,3.01E-09,4.28E-09,7.23E-07,-7.24E-01,5.64E-10,5.17E-10,6.17E-08,-1.42E+00,1.64E-07,1.16E-09,1.50E-07,-1.4416,9.77E-10,1.76E-09,1.64E-07,,3.31E-06,-1.04E-08,-7.90E-09,-3.31E-06
-1.43366,,,4.5279E-08,-1.4673,,,,-1.43366,-1.71E-09,-1.75E-09,5.61E-07,-1.47E+00,,,,-1.43366,1.54E-09,1.57E-09,1.21E-06,-1.47E+00,,,,-1.43E+00,6.50E-09,1.18E-09,7.44E-07,-7.37E-01,5.98E-10,5.78E-10,6.38E-08,-1.43E+00,1.78E-07,3.23E-10,1.56E-07,-1.4673,1.79E-09,1.41E-09,1.78E-07,,3.33E-06,-1.15E-08,-9.18E-09,-3.33E-06
-1.44653,,,4.2927E-08,-1.4931,,,,-1.44653,-1.56E-09,-9.05E-10,5.36E-07,-1.49E+00,,,,-1.44653,1.34E-09,7.71E-10,1.23E-06,-1.49E+00,,,,-1.45E+00,4.29E-09,5.71E-09,7.80E-07,-7.50E-01,5.78E-10,4.21E-10,6.90E-08,-1.45E+00,1.92E-07,1.64E-09,1.66E-07,-1.4931,1.78E-09,1.01E-09,1.92E-07,,3.40E-06,-3.41E-09,-1.36E-08,-3.40E-06
-1.45941,,,4.1051E-08,-1.5188,,,,-1.45941,-1.82E-09,-1.76E-09,5.16E-07,-1.52E+00,,,,-1.45941,1.47E-09,1.42E-09,1.25E-06,-1.52E+00,,,,-1.46E+00,5.74E-09,4.88E-09,8.02E-07,-7.63E-01,2.04E-10,6.30E-10,7.19E-08,-1.46E+00,2.08E-07,1.44E-09,1.73E-07,-1.5188,3.00E-09,3.41E-09,2.08E-07,,3.43E-06,-8.56E-09,-1.11E-08,-3.43E-06
-1.47228,,,3.9083E-08,-1.5446,,,,-1.47228,-3.11E-09,-4.39E-09,4.94E-07,-1.54E+00,,,,-1.47228,2.34E-09,3.23E-09,1.27E-06,-1.54E+00,,,,-1.47E+00,6.37E-09,4.55E-09,8.29E-07,-7.76E-01,3.14E-10,6.69E-10,7.50E-08,-1.47E+00,2.30E-07,1.39E-09,1.80E-07,-1.5446,5.09E-09,6.41E-09,2.30E-07,,3.46E-06,-1.28E-08,-7.90E-09,-3.46E-06
-1.48515,,,3.7275E-08,-1.5703,,,,-1.48515,-3.79E-09,-5.37E-09,4.74E-07,-1.57E+00,,,,-1.48515,2.61E-09,3.67E-09,1.28E-06,-1.57E+00,,,,-1.49E+00,7.72E-09,4.15E-09,8.54E-07,-7.89E-01,7.95E-10,6.69E-10,7.84E-08,-1.49E+00,2.57E-07,1.31E-09,1.88E-07,-1.5703,6.14E-09,8.02E-09,2.57E-07,,3.50E-06,-1.56E-08,-3.65E-09,-3.50E-06
-1.49802,,,3.5531E-08,-1.596,,,,-1.49802,-3.92E-09,-4.61E-09,4.54E-07,-1.60E+00,,,,-1.49802,2.41E-09,2.77E-09,1.30E-06,-1.60E+00,,,,-1.50E+00,4.28E-09,2.55E-09,8.73E-07,-8.02E-01,8.65E-10,7.99E-10,8.26E-08,-1.50E+00,2.84E-07,8.14E-10,1.94E-07,-1.596,8.57E-09,7.31E-09,2.84E-07,,3.54E-06,-1.83E-08,-1.94E-09,-3.54E-06
-1.51089,,,3.39E-08,-1.6218,,,,-1.51089,-3.72E-09,-4.11E-09,4.35E-07,-1.62E+00,,,,-1.51089,1.97E-09,2.20E-09,1.31E-06,-1.62E+00,,,,-1.51E+00,6.10E-09,6.07E-09,8.98E-07,-8.15E-01,1.53E-09,1.36E-09,8.63E-08,-1.51E+00,3.11E-07,2.16E-09,2.02E-07,-1.6218,1.20E-08,4.98E-09,3.11E-07,,3.60E-06,-2.09E-08,-1.58E-08,-3.60E-06
-1.52376,,,3.2501E-08,-1.6475,,,,-1.52376,-3.57E-09,-3.43E-09,4.19E-07,-1.65E+00,,,,-1.52376,1.54E-09,1.57E-09,1.31E-06,-1.65E+00,,,,-1.52E+00,9.94E-09,1.15E-08,9.23E-07,-8.28E-01,2.20E-09,1.92E-09,9.00E-08,-1.52E+00,3.40E-07,4.20E-09,2.11E-07,-1.6475,1.19E-08,6.17E-09,3.40E-07,,3.66E-06,-2.34E-08,-2.97E-08,-3.66E-06
-1.53663,,,3.1187E-08,-1.6733,,,,-1.53663,-3.49E-09,-2.78E-09,4.03E-07,-1.67E+00,,,,-1.53663,1.12E-09,9.43E-10,1.32E-06,-1.67E+00,,,,-1.54E+00,1.29E-08,1.57E-08,9.51E-07,-8.41E-01,2.55E-09,2.45E-09,9.49E-08,-1.54E+00,3.69E-07,5.92E-09,2.22E-07,-1.6733,1.05E-08,8.62E-09,3.69E-07,,3.74E-06,-2.94E-08,-3.66E-08,-3.74E-06
-1.5495,,,2.9509E-08,-1.699,,,,-1.5495,-3.76E-09,-3.14E-09,3.83E-07,-1.70E+00,,,,-1.5495,7.17E-10,6.70E-10,1.33E-06,-1.70E+00,,,,-1.55E+00,1.34E-08,1.65E-08,9.84E-07,-8.54E-01,2.68E-09,2.96E-09,1.01E-07,-1.55E+00,4.03E-07,6.72E-09,2.35E-07,-1.699,1.11E-08,9.92E-09,4.03E-07,,3.83E-06,-3.60E-08,-4.25E-08,-3.83E-06
-1.56238,,,2.8045E-08,-1.7248,,,,-1.56238,-3.45E-09,-3.06E-09,3.65E-07,-1.72E+00,,,,-1.56238,2.87E-10,3.51E-10,1.33E-06,-1.72E+00,,,,-1.56E+00,1.39E-08,1.72E-08,1.02E-06,-8.67E-01,2.80E-09,3.48E-09,1.06E-07,-1.56E+00,4.38E-07,7.53E-09,2.49E-07,-1.7248,1.18E-08,1.10E-08,4.38E-07,,3.91E-06,-3.95E-08,-5.13E-08,-3.91E-06
-1.57525,,,2.6744E-08,-1.7505,,,,-1.57525,-2.90E-09,-2.79E-09,3.49E-07,-1.75E+00,,,,-1.57525,-1.59E-10,-1.49E-11,1.33E-06,-1.75E+00,,,,-1.58E+00,1.43E-08,1.80E-08,1.05E-06,-8.80E-01,2.92E-09,3.99E-09,1.12E-07,-1.58E+00,4.74E-07,8.33E-09,2.62E-07,-1.7505,1.11E-08,1.11E-08,4.74E-07,,3.98E-06,-4.10E-08,-6.20E-08,-3.98E-06
-1.58812,,,2.5694E-08,-1.7762,,,,-1.58812,-3.34E-09,-3.19E-09,3.36E-07,-1.78E+00,,,,-1.58812,-5.98E-10,-5.44E-10,1.33E-06,-1.78E+00,,,,-1.59E+00,1.55E-08,1.66E-08,1.08E-06,-8.93E-01,3.10E-09,3.67E-09,1.18E-07,-1.59E+00,5.13E-07,8.03E-09,2.76E-07,-1.7762,1.06E-08,1.15E-08,5.13E-07,,4.06E-06,-4.24E-08,-7.26E-08,-4.06E-06
-1.60099,,,2.4571E-08,-1.802,,,,-1.60099,-3.48E-09,-3.15E-09,3.21E-07,-1.80E+00,,,,-1.60099,-1.09E-09,-1.00E-09,1.32E-06,-1.80E+00,,,,-1.60E+00,1.71E-08,1.35E-08,1.10E-06,-9.05E-01,3.29E-09,3.25E-09,1.23E-07,-1.60E+00,5.66E-07,6.86E-09,2.89E-07,-1.802,1.15E-08,1.32E-08,5.66E-07,,4.13E-06,-4.39E-08,-8.33E-08,-4.13E-06
-1.61386,,,2.341E-08,-1.8277,,,,-1.61386,-3.42E-09,-2.84E-09,3.07E-07,-1.83E+00,,,,-1.61386,-1.63E-09,-1.41E-09,1.32E-06,-1.83E+00,,,,-1.61E+00,1.87E-08,1.05E-08,1.13E-06,-9.18E-01,3.48E-09,2.83E-09,1.29E-07,-1.61E+00,6.20E-07,5.70E-09,3.03E-07,-1.8277,1.17E-08,1.33E-08,6.20E-07,,4.21E-06,-4.63E-08,-9.32E-08,-4.21E-06
-1.62673,,,2.2348E-08,-1.8535,,,,-1.62673,-3.31E-09,-2.67E-09,2.93E-07,-1.85E+00,,,,-1.62673,-2.17E-09,-1.80E-09,1.31E-06,-1.85E+00,,,,-1.63E+00,2.04E-08,7.37E-09,1.16E-06,-9.31E-01,3.69E-09,2.53E-09,1.34E-07,-1.63E+00,6.76E-07,4.53E-09,3.16E-07,-1.8535,1.06E-08,1.00E-08,6.76E-07,,4.30E-06,-5.75E-08,-9.51E-08,-4.29E-06
-1.6396,,,2.1314E-08,-1.8792,,,,-1.6396,-3.20E-09,-2.73E-09,2.80E-07,-1.88E+00,,,,-1.6396,-2.70E-09,-2.38E-09,1.30E-06,-1.88E+00,,,,-1.64E+00,1.84E-08,7.85E-09,1.18E-06,-9.44E-01,3.96E-09,2.68E-09,1.41E-07,-1.64E+00,7.22E-07,5.42E-09,3.31E-07,-1.8792,7.62E-09,7.77E-09,7.22E-07,,4.38E-06,-6.87E-08,-9.70E-08,-4.38E-06
-1.65248,,,2.0296E-08,-1.905,,,,-1.65248,-3.09E-09,-2.94E-09,2.66E-07,-1.91E+00,,,,-1.65248,-3.24E-09,-3.11E-09,1.29E-06,-1.91E+00,,,,-1.65E+00,1.58E-08,8.90E-09,1.20E-06,-9.57E-01,4.23E-09,2.84E-09,1.48E-07,-1.65E+00,7.67E-07,6.64E-09,3.46E-07,-1.905,4.30E-09,5.81E-09,7.67E-07,,4.47E-06,-7.99E-08,-9.89E-08,-4.47E-06
-1.66535,,,1.9235E-08,-1.9307,,,,-1.66535,-2.97E-09,-3.08E-09,2.52E-07,-1.93E+00,,,,-1.66535,-3.86E-09,-4.07E-09,1.27E-06,-1.93E+00,,,,-1.67E+00,1.32E-08,9.96E-09,1.22E-06,-9.70E-01,4.51E-09,2.99E-09,1.55E-07,-1.67E+00,8.22E-07,7.86E-09,3.60E-07,-1.9307,5.99E-09,3.90E-09,8.22E-07,,4.56E-06,-9.10E-08,-1.01E-07,-4.56E-06
-1.67822,,,1.8316E-08,-1.9564,,,,-1.67822,-2.33E-09,-2.52E-09,2.40E-07,-1.96E+00,,,,-1.67822,-3.49E-09,-3.79E-09,1.25E-06,-1.96E+00,,,,-1.68E+00,1.09E-08,1.07E-08,1.24E-06,-9.83E-01,4.37E-09,3.45E-09,1.63E-07,-1.68E+00,8.77E-07,8.99E-09,3.75E-07,-1.9564,1.96E-09,2.75E-09,8.77E-07,,4.65E-06,-1.02E-07,-1.03E-07,-4.65E-06
-1.69109,,,1.7516E-08,-1.9822,,,,-1.69109,-1.36E-09,-1.52E-09,2.29E-07,-1.98E+00,,,,-1.69109,-2.44E-09,-2.72E-09,1.23E-06,-1.98E+00,,,,-1.69E+00,9.76E-09,9.97E-09,1.25E-06,-9.96E-01,3.87E-09,4.17E-09,1.73E-07,-1.69E+00,9.40E-07,9.57E-09,3.93E-07,-1.9822,3.50E-09,5.14E-09,9.40E-07,,4.74E-06,-1.13E-07,-1.05E-07,-4.74E-06
-1.704,,,1.6913E-08,-2.0079,,,,-1.704,-1.33E-09,-1.97E-09,2.21E-07,-2.01E+00,,,,-1.704,-2.55E-09,-3.87E-09,1.22E-06,-2.01E+00,,,,-1.70E+00,8.64E-09,9.21E-09,1.27E-06,-1.01E+00,3.37E-09,4.89E-09,1.83E-07,-1.70E+00,9.92E-07,1.01E-08,4.10E-07,-2.0079,4.11E-09,1.97E-09,9.92E-07,,4.86E-06,-1.21E-07,-1.07E-07,-4.86E-06
-1.7168,,,1.626E-08,-2.0337,,,,-1.7168,-1.62E-09,-2.09E-09,2.12E-07,-2.03E+00,,,,-1.7168,-3.49E-09,-4.47E-09,1.20E-06,-2.03E+00,,,,-1.72E+00,7.52E-09,8.46E-09,1.28E-06,-1.02E+00,2.87E-09,5.61E-09,1.92E-07,-1.72E+00,1.02E-06,1.07E-08,4.27E-07,-2.0337,2.81E-09,2.35E-09,1.02E-06,,5.06E-06,-1.21E-07,-1.12E-07,-5.06E-06
-1.7297,,,1.5563E-08,-2.0594,,,,-1.7297,-2.13E-09,-1.96E-09,2.03E-07,-2.06E+00,,,,-1.7297,-5.01E-09,-4.66E-09,1.18E-06,-2.06E+00,,,,-1.73E+00,6.29E-09,7.40E-09,1.29E-06,-1.03E+00,2.94E-09,6.15E-09,2.01E-07,-1.73E+00,1.05E-06,1.11E-08,4.45E-07,-2.0594,1.14E-08,6.60E-09,1.05E-06,,5.26E-06,-1.22E-07,-1.17E-07,-5.26E-06
-1.7426,,,1.4811E-08,-2.0851,,,,-1.7426,-1.88E-09,-2.11E-09,1.92E-07,-2.09E+00,,,,-1.7426,-4.94E-09,-5.59E-09,1.15E-06,-2.09E+00,,,,-1.74E+00,4.92E-09,5.98E-09,1.30E-06,-1.05E+00,3.12E-09,6.66E-09,2.09E-07,-1.74E+00,1.12E-06,1.11E-08,4.63E-07,-2.0851,1.22E-08,9.93E-09,1.12E-06,,5.46E-06,-1.22E-07,-1.21E-07,-5.46E-06
-1.7554,,,1.4164E-08,-2.1109,,,,-1.7554,-1.56E-09,-2.06E-09,1.83E-07,-2.11E+00,,,,-1.7554,-4.51E-09,-5.93E-09,1.13E-06,-2.11E+00,,,,-1.76E+00,3.55E-09,4.56E-09,1.31E-06,-1.06E+00,3.29E-09,7.17E-09,2.18E-07,-1.76E+00,1.19E-06,1.11E-08,4.81E-07,-2.1109,1.28E-08,1.28E-08,1.19E-06,,5.66E-06,-1.22E-07,-1.26E-07,-5.66E-06
-1.7683,,,1.3605E-08,-2.1366,,,,-1.7683,-1.20E-09,-1.85E-09,1.75E-07,-2.14E+00,,,,-1.7683,-3.83E-09,-5.78E-09,1.11E-06,-2.14E+00,,,,-1.77E+00,2.18E-09,3.14E-09,1.32E-06,-1.07E+00,3.66E-09,7.53E-09,2.26E-07,-1.77E+00,1.24E-06,1.11E-08,4.98E-07,-2.1366,1.15E-08,1.15E-08,1.24E-06,,5.86E-06,-1.22E-07,-1.30E-07,-5.86E-06
-1.7812,,,1.3008E-08,-2.1624,,,,-1.7812,-1.44E-09,-1.78E-09,1.67E-07,-2.16E+00,,,,-1.7812,-4.86E-09,-5.95E-09,1.08E-06,-2.16E+00,,,,-1.78E+00,1.11E-09,1.66E-09,1.32E-06,-1.09E+00,4.98E-09,7.12E-09,2.38E-07,-1.78E+00,1.28E-06,1.18E-08,5.23E-07,-2.1624,9.83E-09,9.86E-09,1.28E-06,,6.06E-06,-1.23E-07,-1.35E-07,-6.06E-06
-1.7941,,,1.2456E-08,-2.1881,,,,-1.7941,-1.47E-09,-1.63E-09,1.59E-07,-2.19E+00,,,,-1.7941,-5.21E-09,-5.84E-09,1.05E-06,-2.19E+00,,,,-1.79E+00,1.46E-10,1.68E-10,1.32E-06,-1.10E+00,6.30E-09,6.71E-09,2.49E-07,-1.79E+00,1.31E-06,1.27E-08,5.50E-07,-2.1881,7.10E-09,7.06E-09,1.31E-06,,6.24E-06,-1.23E-07,-1.32E-07,-6.24E-06
-1.8069,,,1.1944E-08,-2.2139,,,,-1.8069,-1.31E-09,-1.41E-09,1.51E-07,-2.21E+00,,,,-1.8069,-4.94E-09,-5.48E-09,1.02E-06,-2.21E+00,,,,-1.81E+00,-8.22E-10,-1.33E-09,1.32E-06,-1.11E+00,7.63E-09,6.29E-09,2.60E-07,-1.81E+00,1.33E-06,1.36E-08,5.77E-07,-2.2139,4.41E-09,4.34E-09,1.33E-06,,6.40E-06,-1.24E-07,-1.22E-07,-6.40E-06
-1.8198,,,1.1423E-08,-2.2396,,,,-1.8198,-1.46E-09,-1.20E-09,1.44E-07,-2.24E+00,,,,-1.8198,-5.97E-09,-4.88E-09,9.92E-07,-2.24E+00,,,,-1.82E+00,-1.78E-09,-2.76E-09,1.32E-06,-1.13E+00,8.19E-09,6.16E-09,2.73E-07,-1.82E+00,1.34E-06,1.43E-08,6.03E-07,-2.2396,1.83E-09,1.81E-09,1.34E-06,,6.56E-06,-1.25E-07,-1.12E-07,-6.56E-06
-1.8327,,,1.0991E-08,-2.2653,,,,-1.8327,-1.55E-09,-9.50E-10,1.37E-07,-2.27E+00,,,,-1.8327,-6.71E-09,-4.07E-09,9.66E-07,-2.27E+00,,,,-1.83E+00,-2.54E-09,-3.09E-09,1.31E-06,-1.14E+00,7.95E-09,6.33E-09,2.89E-07,-1.83E+00,1.34E-06,1.27E-08,6.31E-07,-2.2653,-7.30E-10,-8.37E-10,1.34E-06,,6.73E-06,-1.25E-07,-1.02E-07,-6.72E-06
-1.8455,,,1.0645E-08,-2.2911,,,,-1.8455,-1.59E-09,-6.76E-10,1.32E-07,-2.29E+00,,,,-1.8455,-7.20E-09,-3.04E-09,9.43E-07,-2.29E+00,,,,-1.85E+00,-3.29E-09,-3.42E-09,1.31E-06,-1.15E+00,7.70E-09,6.50E-09,3.04E-07,-1.85E+00,1.34E-06,1.10E-08,6.59E-07,-2.2911,-3.25E-09,-3.63E-09,1.34E-06,,6.89E-06,-1.26E-07,-9.18E-08,-6.88E-06
-1.8584,,,1.0243E-08,-2.3168,,,,-1.8584,-1.19E-09,-9.71E-10,1.26E-07,-2.32E+00,,,,-1.8584,-5.59E-09,-4.51E-09,9.15E-07,-2.32E+00,,,,-1.86E+00,-4.05E-09,-3.75E-09,1.30E-06,-1.16E+00,7.46E-09,6.67E-09,3.19E-07,-1.86E+00,1.33E-06,9.41E-09,6.86E-07,-2.3168,-5.03E-09,-5.50E-09,1.33E-06,,7.14E-06,-1.08E-07,-8.06E-08,-7.14E-06
-1.8713,,,9.8633E-09,-2.3426,,,,-1.8713,-1.09E-09,-1.19E-09,1.20E-07,-2.34E+00,,,,-1.8713,-5.36E-09,-5.79E-09,8.87E-07,-2.34E+00,,,,-1.87E+00,-4.21E-09,-3.97E-09,1.29E-06,-1.18E+00,5.92E-09,5.57E-09,3.33E-07,-1.87E+00,1.31E-06,8.14E-09,7.11E-07,-2.3426,-6.17E-09,-6.55E-09,1.31E-06,,7.39E-06,-8.90E-08,-6.93E-08,-7.39E-06
-1.8842,,,9.506E-09,-2.3683,,,,-1.8842,-1.28E-09,-1.34E-09,1.15E-07,-2.37E+00,,,,-1.8842,-6.57E-09,-6.86E-09,8.60E-07,-2.37E+00,,,,-1.88E+00,-3.29E-09,-3.97E-09,1.28E-06,-1.19E+00,4.06E-09,4.16E-09,3.47E-07,-1.88E+00,1.28E-06,7.53E-09,7.29E-07,-2.3683,-8.14E-09,-7.73E-09,1.28E-06,,7.65E-06,-9.48E-08,-4.47E-08,-7.65E-06
-1.897,,,9.1527E-09,-2.3941,,,,-1.897,-1.28E-09,-1.01E-09,1.09E-07,-2.39E+00,,,,-1.897,-6.87E-09,-5.34E-09,8.31E-07,-2.39E+00,,,,-1.90E+00,-2.36E-09,-3.98E-09,1.27E-06,-1.20E+00,2.68E-09,3.50E-09,3.61E-07,-1.90E+00,1.23E-06,6.92E-09,7.48E-07,-2.3941,-1.06E-08,-8.98E-09,1.23E-06,,7.91E-06,-1.09E-07,-1.54E-08,-7.91E-06
-1.9099,,,8.7976E-09,-2.4198,,,,-1.9099,-1.11E-09,-8.25E-10,1.03E-07,-2.42E+00,,,,-1.9099,-6.13E-09,-4.58E-09,8.00E-07,-2.42E+00,,,,-1.91E+00,-2.96E-09,-3.10E-09,1.25E-06,-1.22E+00,2.31E-09,4.12E-09,3.76E-07,-1.91E+00,1.19E-06,5.00E-09,7.81E-07,-2.4198,-1.36E-08,-9.83E-09,1.19E-06,,8.17E-06,-1.14E-07,-1.57E-08,-8.17E-06
-1.9228,,,8.4402E-09,-2.4455,,,,-1.9228,-7.36E-10,-8.17E-10,9.77E-08,-2.45E+00,,,,-1.9228,-4.26E-09,-4.71E-09,7.67E-07,-2.45E+00,,,,-1.92E+00,-3.77E-09,-2.68E-09,1.23E-06,-1.23E+00,2.62E-09,3.74E-09,3.91E-07,-1.92E+00,1.14E-06,4.02E-09,8.08E-07,-2.4455,-1.68E-08,-1.06E-08,1.14E-06,,8.44E-06,-1.07E-07,-4.86E-08,-8.43E-06
-1.9356,,,8.1825E-09,-2.4713,,,,-1.9356,-2.83E-10,-4.85E-12,9.35E-08,-2.47E+00,,,,-1.9356,-1.70E-09,-2.02E-11,7.42E-07,-2.47E+00,,,,-1.94E+00,-4.25E-09,-3.71E-09,1.21E-06,-1.24E+00,3.07E-09,3.64E-09,4.08E-07,-1.94E+00,1.10E-06,5.17E-09,8.33E-07,-2.4713,-1.56E-08,-1.43E-08,1.10E-06,,8.70E-06,-9.19E-08,-8.24E-08,-8.69E-06
-1.9485,,,7.9676E-09,-2.497,,,,-1.9485,-3.29E-10,-2.98E-10,8.98E-08,-2.50E+00,,,,-1.9485,-2.03E-09,-1.82E-09,7.20E-07,-2.50E+00,,,,-1.95E+00,-3.62E-09,-4.98E-09,1.19E-06,-1.25E+00,3.92E-09,2.72E-09,4.22E-07,-1.95E+00,1.06E-06,6.67E-09,8.61E-07,-2.497,-1.35E-08,-1.86E-08,1.06E-06,,8.95E-06,-4.70E-08,-1.19E-07,-8.95E-06
-1.9614,,,7.7805E-09,-2.5228,,,,-1.9614,-3.16E-10,-3.34E-10,8.66E-08,-2.52E+00,,,,-1.9614,-1.99E-09,-2.10E-09,7.00E-07,-2.52E+00,,,,-1.96E+00,-1.65E-10,-2.27E-10,1.17E-06,-1.27E+00,1.10E-09,4.63E-09,4.48E-07,-1.96E+00,9.70E-07,3.04E-10,8.87E-07,-2.5228,-1.28E-08,-1.11E-08,9.70E-07,,9.21E-06,-2.14E-09,-1.56E-07,-9.20E-06
-1.9743,,,7.5247E-09,-2.5485,,,,-1.9743,-3.37E-11,-3.02E-10,8.21E-08,-2.55E+00,,,,-1.9743,-2.17E-10,-1.95E-09,6.72E-07,-2.55E+00,,,,-1.97E+00,-3.01E-09,-4.26E-09,1.14E-06,-1.28E+00,3.19E-09,2.29E-09,4.63E-07,-1.97E+00,9.34E-07,5.04E-09,9.23E-07,-2.5485,-8.69E-09,-7.61E-09,9.34E-07,,9.98E-06,-1.28E-07,-1.30E-07,-9.97E-06
-1.9871,,,7.3141E-09,-2.5743,,,,-1.9871,-1.94E-10,-1.02E-10,7.84E-08,-2.57E+00,,,,-1.9871,-1.27E-09,-6.76E-10,6.47E-07,-2.57E+00,,,,-1.99E+00,-3.06E-09,-4.30E-09,1.12E-06,-1.29E+00,4.18E-09,7.07E-10,4.82E-07,-1.99E+00,8.69E-07,4.92E-09,9.51E-07,-2.5743,-1.55E-08,-1.47E-08,8.69E-07,,1.02E-05,-1.27E-07,-1.29E-07,-1.02E-05
-2,,,7.144E-09,-2.6,,,,-2,-6.04E-10,-5.25E-10,7.52E-08,-2.60E+00,,,,-2,-4.12E-09,-3.58E-09,6.26E-07,-2.60E+00,,,,-2.00E+00,-3.39E-09,-3.15E-09,1.10E-06,-1.31E+00,4.71E-09,4.76E-09,5.04E-07,-2.00E+00,8.02E-07,3.52E-09,9.77E-07,-2.6,-1.91E-08,-1.87E-08,8.02E-07,,1.05E-05,-1.29E-07,-1.19E-07,-1.05E-05
,,,,,,,,,,,,,,,,,,,,,,,,,,,,-1.3194,5.88E-09,6.04E-09,5.31E-07,,,,,,,,,,,,,
,,,,,,,,,,,,,,,,,,,,,,,,,,,,-1.3323,7.58E-09,5.82E-09,5.58E-07,,,,,,,,,,,,,
,,,,,,,,,,,,,,,,,,,,,,,,,,,,-1.3453,9.33E-09,5.42E-09,5.84E-07,,,,,,,,,,,,,
,,,,,,,,,,,,,,,,,,,,,,,,,,,,-1.3582,9.33E-09,5.66E-09,6.06E-07,,,,,,,,,,,,,
,,,,,,,,,,,,,,,,,,,,,,,,,,,,-1.3711,8.33E-09,6.27E-09,6.24E-07,,,,,,,,,,,,,
,,,,,,,,,,,,,,,,,,,,,,,,,,,,-1.3841,7.20E-09,6.33E-09,6.46E-07,,,,,,,,,,,,,
,,,,,,,,,,,,,,,,,,,,,,,,,,,,-1.397,4.88E-09,5.63E-09,6.74E-07,,,,,,,,,,,,,
,,,,,,,,,,,,,,,,,,,,,,,,,,,,-1.41,3.19E-10,5.44E-09,7.04E-07,,,,,,,,,,,,,
,,,,,,,,,,,,,,,,,,,,,,,,,,,,-1.4229,3.53E-09,4.05E-09,7.27E-07,,,,,,,,,,,,,
,,,,,,,,,,,,,,,,,,,,,,,,,,,,-1.4358,7.09E-09,5.95E-10,7.47E-07,,,,,,,,,,,,,
,,,,,,,,,,,,,,,,,,,,,,,,,,,,-1.4488,4.67E-09,5.50E-09,7.84E-07,,,,,,,,,,,,,
,,,,,,,,,,,,,,,,,,,,,,,,,,,,-1.4617,5.82E-09,4.82E-09,8.07E-07,,,,,,,,,,,,,
,,,,,,,,,,,,,,,,,,,,,,,,,,,,-1.4746,6.61E-09,4.47E-09,8.34E-07,,,,,,,,,,,,,
,,,,,,,,,,,,,,,,,,,,,,,,,,,,-1.4876,7.23E-09,3.89E-09,8.58E-07,,,,,,,,,,,,,
,,,,,,,,,,,,,,,,,,,,,,,,,,,,-1.5005,3.58E-09,2.23E-09,8.77E-07,,,,,,,,,,,,,
,,,,,,,,,,,,,,,,,,,,,,,,,,,,-1.5134,6.86E-09,7.14E-09,9.03E-07,,,,,,,,,,,,,
,,,,,,,,,,,,,,,,,,,,,,,,,,,,-1.5264,1.07E-08,1.26E-08,9.29E-07,,,,,,,,,,,,,
,,,,,,,,,,,,,,,,,,,,,,,,,,,,-1.5393,1.30E-08,1.59E-08,9.58E-07,,,,,,,,,,,,,
,,,,,,,,,,,,,,,,,,,,,,,,,,,,-1.5522,1.35E-08,1.67E-08,9.91E-07,,,,,,,,,,,,,
,,,,,,,,,,,,,,,,,,,,,,,,,,,,-1.5652,1.40E-08,1.74E-08,1.02E-06,,,,,,,,,,,,,
,,,,,,,,,,,,,,,,,,,,,,,,,,,,-1.5781,1.44E-08,1.82E-08,1.06E-06,,,,,,,,,,,,,
,,,,,,,,,,,,,,,,,,,,,,,,,,,,-1.591,1.58E-08,1.59E-08,1.09E-06,,,,,,,,,,,,,
,,,,,,,,,,,,,,,,,,,,,,,,,,,,-1.604,1.75E-08,1.28E-08,1.11E-06,,,,,,,,,,,,,
,,,,,,,,,,,,,,,,,,,,,,,,,,,,-1.6169,1.91E-08,9.72E-09,1.14E-06,,,,,,,,,,,,,
,,,,,,,,,,,,,,,,,,,,,,,,,,,,-1.6299,2.03E-08,7.05E-09,1.16E-06,,,,,,,,,,,,,
,,,,,,,,,,,,,,,,,,,,,,,,,,,,-1.6428,1.77E-08,8.11E-09,1.18E-06,,,,,,,,,,,,,
,,,,,,,,,,,,,,,,,,,,,,,,,,,,-1.6557,1.52E-08,9.17E-09,1.20E-06,,,,,,,,,,,,,
,,,,,,,,,,,,,,,,,,,,,,,,,,,,-1.6687,1.26E-08,1.02E-08,1.22E-06,,,,,,,,,,,,,
,,,,,,,,,,,,,,,,,,,,,,,,,,,,-1.6816,1.06E-08,1.05E-08,1.24E-06,,,,,,,,,,,,,
,,,,,,,,,,,,,,,,,,,,,,,,,,,,-1.6945,9.46E-09,9.77E-09,1.26E-06,,,,,,,,,,,,,
,,,,,,,,,,,,,,,,,,,,,,,,,,,,-1.7075,8.34E-09,9.01E-09,1.27E-06,,,,,,,,,,,,,
,,,,,,,,,,,,,,,,,,,,,,,,,,,,-1.7204,7.21E-09,8.25E-09,1.29E-06,,,,,,,,,,,,,
,,,,,,,,,,,,,,,,,,,,,,,,,,,,-1.7333,5.90E-09,7.00E-09,1.30E-06,,,,,,,,,,,,,
,,,,,,,,,,,,,,,,,,,,,,,,,,,,-1.7463,4.53E-09,5.57E-09,1.30E-06,,,,,,,,,,,,,
,,,,,,,,,,,,,,,,,,,,,,,,,,,,-1.7592,3.15E-09,4.15E-09,1.31E-06,,,,,,,,,,,,,
,,,,,,,,,,,,,,,,,,,,,,,,,,,,-1.7721,1.79E-09,2.71E-09,1.32E-06,,,,,,,,,,,,,
,,,,,,,,,,,,,,,,,,,,,,,,,,,,-1.7851,8.21E-10,1.21E-09,1.32E-06,,,,,,,,,,,,,
,,,,,,,,,,,,,,,,,,,,,,,,,,,,-1.798,-1.51E-10,-2.91E-10,1.32E-06,,,,,,,,,,,,,
,,,,,,,,,,,,,,,,,,,,,,,,,,,,-1.8109,-1.12E-09,-1.79E-09,1.32E-06,,,,,,,,,,,,,
,,,,,,,,,,,,,,,,,,,,,,,,,,,,-1.8239,-2.02E-09,-2.86E-09,1.32E-06,,,,,,,,,,,,,
,,,,,,,,,,,,,,,,,,,,,,,,,,,,-1.8368,-2.78E-09,-3.20E-09,1.31E-06,,,,,,,,,,,,,
,,,,,,,,,,,,,,,,,,,,,,,,,,,,-1.8498,-3.54E-09,-3.53E-09,1.30E-06,,,,,,,,,,,,,
,,,,,,,,,,,,,,,,,,,,,,,,,,,,-1.8627,-4.30E-09,-3.86E-09,1.29E-06,,,,,,,,,,,,,
,,,,,,,,,,,,,,,,,,,,,,,,,,,,-1.8756,-3.90E-09,-3.97E-09,1.28E-06,,,,,,,,,,,,,
,,,,,,,,,,,,,,,,,,,,,,,,,,,,-1.8886,-2.97E-09,-3.98E-09,1.27E-06,,,,,,,,,,,,,
,,,,,,,,,,,,,,,,,,,,,,,,,,,,-1.9015,-2.44E-09,-3.75E-09,1.26E-06,,,,,,,,,,,,,
,,,,,,,,,,,,,,,,,,,,,,,,,,,,-1.9144,-3.24E-09,-2.75E-09,1.24E-06,,,,,,,,,,,,,
,,,,,,,,,,,,,,,,,,,,,,,,,,,,-1.9274,-4.06E-09,-2.63E-09,1.23E-06,,,,,,,,,,,,,
,,,,,,,,,,,,,,,,,,,,,,,,,,,,-1.9403,-4.26E-09,-4.67E-09,1.21E-06,,,,,,,,,,,,,
,,,,,,,,,,,,,,,,,,,,,,,,,,,,-1.9532,-2.36E-09,-3.24E-09,1.19E-06,,,,,,,,,,,,,
,,,,,,,,,,,,,,,,,,,,,,,,,,,,-1.9662,-3.13E-09,-3.72E-09,1.16E-06,,,,,,,,,,,,,
,,,,,,,,,,,,,,,,,,,,,,,,,,,,-1.9791,-2.96E-09,-4.50E-09,1.13E-06,,,,,,,,,,,,,
,,,,,,,,,,,,,,,,,,,,,,,,,,,,-1.992,-3.12E-09,-4.18E-09,1.11E-06,,,,,,,,,,,,,
,,,,,,,,,,,,,,,,,,,,,,,,,,,,-2.005,-3.62E-09,-2.29E-09,1.09E-06,,,,,,,,,,,,,
,,,,,,,,,,,,,,,,,,,,,,,,,,,,-2.0179,-2.41E-09,-1.21E-09,1.07E-06,,,,,,,,,,,,,
,,,,,,,,,,,,,,,,,,,,,,,,,,,,-2.0308,-1.86E-09,-1.78E-09,1.06E-06,,,,,,,,,,,,,
,,,,,,,,,,,,,,,,,,,,,,,,,,,,-2.0438,-6.17E-09,-4.03E-09,1.04E-06,,,,,,,,,,,,,
,,,,,,,,,,,,,,,,,,,,,,,,,,,,-2.0567,-1.05E-08,-6.28E-09,1.03E-06,,,,,,,,,,,,,
,,,,,,,,,,,,,,,,,,,,,,,,,,,,-2.0697,-1.23E-08,-8.64E-09,9.93E-07,,,,,,,,,,,,,
,,,,,,,,,,,,,,,,,,,,,,,,,,,,-2.0826,-1.35E-08,-1.10E-08,9.54E-07,,,,,,,,,,,,,
,,,,,,,,,,,,,,,,,,,,,,,,,,,,-2.0955,-1.46E-08,-1.34E-08,9.14E-07,,,,,,,,,,,,,
,,,,,,,,,,,,,,,,,,,,,,,,,,,,-2.1085,-1.58E-08,-1.58E-08,8.75E-07,,,,,,,,,,,,,
,,,,,,,,,,,,,,,,,,,,,,,,,,,,-2.1214,-1.61E-08,-1.60E-08,8.42E-07,,,,,,,,,,,,,
,,,,,,,,,,,,,,,,,,,,,,,,,,,,-2.1343,-1.64E-08,-1.63E-08,8.10E-07,,,,,,,,,,,,,
,,,,,,,,,,,,,,,,,,,,,,,,,,,,-2.1473,-1.68E-08,-1.65E-08,7.78E-07,,,,,,,,,,,,,
,,,,,,,,,,,,,,,,,,,,,,,,,,,,-2.1602,-1.69E-08,-1.65E-08,7.47E-07,,,,,,,,,,,,,
,,,,,,,,,,,,,,,,,,,,,,,,,,,,-2.1731,-1.63E-08,-1.56E-08,7.21E-07,,,,,,,,,,,,,
,,,,,,,,,,,,,,,,,,,,,,,,,,,,-2.1861,-1.56E-08,-1.48E-08,6.95E-07,,,,,,,,,,,,,
,,,,,,,,,,,,,,,,,,,,,,,,,,,,-2.199,-1.50E-08,-1.39E-08,6.69E-07,,,,,,,,,,,,,
,,,,,,,,,,,,,,,,,,,,,,,,,,,,-2.2119,-1.46E-08,-1.34E-08,6.44E-07,,,,,,,,,,,,,
,,,,,,,,,,,,,,,,,,,,,,,,,,,,-2.2249,-1.44E-08,-1.33E-08,6.19E-07,,,,,,,,,,,,,
,,,,,,,,,,,,,,,,,,,,,,,,,,,,-2.2378,-1.42E-08,-1.32E-08,5.94E-07,,,,,,,,,,,,,
,,,,,,,,,,,,,,,,,,,,,,,,,,,,-2.2507,-1.41E-08,-1.31E-08,5.69E-07,,,,,,,,,,,,,
,,,,,,,,,,,,,,,,,,,,,,,,,,,,-2.2637,-1.37E-08,-1.29E-08,5.47E-07,,,,,,,,,,,,,
,,,,,,,,,,,,,,,,,,,,,,,,,,,,-2.2766,-1.32E-08,-1.27E-08,5.25E-07,,,,,,,,,,,,,
,,,,,,,,,,,,,,,,,,,,,,,,,,,,-2.2896,-1.27E-08,-1.25E-08,5.04E-07,,,,,,,,,,,,,
,,,,,,,,,,,,,,,,,,,,,,,,,,,,-2.3025,-1.23E-08,-1.23E-08,4.82E-07,,,,,,,,,,,,,
,,,,,,,,,,,,,,,,,,,,,,,,,,,,-2.3154,-1.12E-08,-1.13E-08,4.67E-07,,,,,,,,,,,,,
,,,,,,,,,,,,,,,,,,,,,,,,,,,,-2.3284,-1.00E-08,-1.03E-08,4.51E-07,,,,,,,,,,,,,
,,,,,,,,,,,,,,,,,,,,,,,,,,,,-2.3413,-8.89E-09,-9.31E-09,4.36E-07,,,,,,,,,,,,,
,,,,,,,,,,,,,,,,,,,,,,,,,,,,-2.3542,-7.97E-09,-8.44E-09,4.20E-07,,,,,,,,,,,,,
,,,,,,,,,,,,,,,,,,,,,,,,,,,,-2.3672,-8.01E-09,-8.09E-09,3.99E-07,,,,,,,,,,,,,
,,,,,,,,,,,,,,,,,,,,,,,,,,,,-2.3801,-8.05E-09,-7.75E-09,3.78E-07,,,,,,,,,,,,,
,,,,,,,,,,,,,,,,,,,,,,,,,,,,-2.393,-8.09E-09,-7.41E-09,3.57E-07,,,,,,,,,,,,,
,,,,,,,,,,,,,,,,,,,,,,,,,,,,-2.406,-8.19E-09,-7.05E-09,3.39E-07,,,,,,,,,,,,,
,,,,,,,,,,,,,,,,,,,,,,,,,,,,-2.4189,-8.39E-09,-6.68E-09,3.25E-07,,,,,,,,,,,,,
,,,,,,,,,,,,,,,,,,,,,,,,,,,,-2.4318,-8.59E-09,-6.31E-09,3.11E-07,,,,,,,,,,,,,
,,,,,,,,,,,,,,,,,,,,,,,,,,,,-2.4448,-8.79E-09,-5.94E-09,2.97E-07,,,,,,,,,,,,,
,,,,,,,,,,,,,,,,,,,,,,,,,,,,-2.4577,-8.35E-09,-6.27E-09,2.86E-07,,,,,,,,,,,,,
,,,,,,,,,,,,,,,,,,,,,,,,,,,,-2.4706,-7.57E-09,-6.97E-09,2.77E-07,,,,,,,,,,,,,
,,,,,,,,,,,,,,,,,,,,,,,,,,,,-2.4836,-6.79E-09,-7.68E-09,2.68E-07,,,,,,,,,,,,,
,,,,,,,,,,,,,,,,,,,,,,,,,,,,-2.4965,-6.01E-09,-8.38E-09,2.59E-07,,,,,,,,,,,,,
,,,,,,,,,,,,,,,,,,,,,,,,,,,,-2.5095,-5.73E-09,-5.06E-09,2.27E-07,,,,,,,,,,,,,
,,,,,,,,,,,,,,,,,,,,,,,,,,,,-2.5224,-4.62E-09,-4.05E-09,2.21E-07,,,,,,,,,,,,,
,,,,,,,,,,,,,,,,,,,,,,,,,,,,-2.5353,-3.51E-09,-3.04E-09,2.16E-07,,,,,,,,,,,,,
,,,,,,,,,,,,,,,,,,,,,,,,,,,,-2.5483,-2.91E-09,-2.53E-09,2.09E-07,,,,,,,,,,,,,
,,,,,,,,,,,,,,,,,,,,,,,,,,,,-2.5612,-3.79E-09,-3.49E-09,1.99E-07,,,,,,,,,,,,,
,,,,,,,,,,,,,,,,,,,,,,,,,,,,-2.5741,-4.68E-09,-4.45E-09,1.88E-07,,,,,,,,,,,,,
,,,,,,,,,,,,,,,,,,,,,,,,,,,,-2.5871,-5.56E-09,-5.41E-09,1.78E-07,,,,,,,,,,,,,
,,,,,,,,,,,,,,,,,,,,,,,,,,,,-2.6,-5.50E-09,-5.39E-09,1.68E-07,,,,,,,,,,,,,
